Feature.Type;Context;INSWORD;Evaluation.Set;Acc
MFC_E_Z;0;-32.0;Train.Subset;33.97
MFC_E_Z;0;-32.0;Test.Set;32.53
MFC_E_Z;0;-16.0;Train.Subset;44.47
MFC_E_Z;0;-16.0;Test.Set;42.95
MFC_E_Z;0;-8.0;Train.Subset;50.03
MFC_E_Z;0;-8.0;Test.Set;48.19
MFC_E_Z;0;-4.0;Train.Subset;51.17
MFC_E_Z;0;-4.0;Test.Set;49.12
MFC_E_Z;0;-2.0;Train.Subset;48.93
MFC_E_Z;0;-2.0;Test.Set;46.96
MFC_E_Z;0;0.0;Train.Subset;41.93
MFC_E_Z;0;0.0;Test.Set;40.21
MFC_E_Z;0;2.0;Train.Subset;27.67
MFC_E_Z;0;2.0;Test.Set;25.45
MFC_E_Z;0;4.0;Train.Subset;4.99
MFC_E_Z;0;4.0;Test.Set;2.01
MFC_E_Z;-1,0,1;-32.0;Train.Subset;44.44
MFC_E_Z;-1,0,1;-32.0;Test.Set;42.86
MFC_E_Z;-1,0,1;-16.0;Train.Subset;54.02
MFC_E_Z;-1,0,1;-16.0;Test.Set;52.01
MFC_E_Z;-1,0,1;-8.0;Train.Subset;59.19
MFC_E_Z;-1,0,1;-8.0;Test.Set;56.79
MFC_E_Z;-1,0,1;-4.0;Train.Subset;59.61
MFC_E_Z;-1,0,1;-4.0;Test.Set;57.21
MFC_E_Z;-1,0,1;-2.0;Train.Subset;57.91
MFC_E_Z;-1,0,1;-2.0;Test.Set;55.10
MFC_E_Z;-1,0,1;0.0;Train.Subset;52.97
MFC_E_Z;-1,0,1;0.0;Test.Set;50.28
MFC_E_Z;-1,0,1;2.0;Train.Subset;43.36
MFC_E_Z;-1,0,1;2.0;Test.Set;40.73
MFC_E_Z;-1,0,1;4.0;Train.Subset;27.74
MFC_E_Z;-1,0,1;4.0;Test.Set;24.54
MFC_E_Z;-2,-1,0,1,2;-32.0;Train.Subset;49.10
MFC_E_Z;-2,-1,0,1,2;-32.0;Test.Set;47.00
MFC_E_Z;-2,-1,0,1,2;-16.0;Train.Subset;58.63
MFC_E_Z;-2,-1,0,1,2;-16.0;Test.Set;55.87
MFC_E_Z;-2,-1,0,1,2;-8.0;Train.Subset;63.91
MFC_E_Z;-2,-1,0,1,2;-8.0;Test.Set;60.60
MFC_E_Z;-2,-1,0,1,2;-4.0;Train.Subset;64.85
MFC_E_Z;-2,-1,0,1,2;-4.0;Test.Set;60.93
MFC_E_Z;-2,-1,0,1,2;-2.0;Train.Subset;63.59
MFC_E_Z;-2,-1,0,1,2;-2.0;Test.Set;59.77
MFC_E_Z;-2,-1,0,1,2;0.0;Train.Subset;60.26
MFC_E_Z;-2,-1,0,1,2;0.0;Test.Set;56.12
MFC_E_Z;-2,-1,0,1,2;2.0;Train.Subset;53.23
MFC_E_Z;-2,-1,0,1,2;2.0;Test.Set;48.72
MFC_E_Z;-2,-1,0,1,2;4.0;Train.Subset;41.20
MFC_E_Z;-2,-1,0,1,2;4.0;Test.Set;36.37
MFC_E_Z;-3,-2,-1,0,1,2,3;-32.0;Train.Subset;51.38
MFC_E_Z;-3,-2,-1,0,1,2,3;-32.0;Test.Set;48.78
MFC_E_Z;-3,-2,-1,0,1,2,3;-16.0;Train.Subset;60.97
MFC_E_Z;-3,-2,-1,0,1,2,3;-16.0;Test.Set;57.71
MFC_E_Z;-3,-2,-1,0,1,2,3;-8.0;Train.Subset;66.27
MFC_E_Z;-3,-2,-1,0,1,2,3;-8.0;Test.Set;62.43
MFC_E_Z;-3,-2,-1,0,1,2,3;-4.0;Train.Subset;67.46
MFC_E_Z;-3,-2,-1,0,1,2,3;-4.0;Test.Set;63.15
MFC_E_Z;-3,-2,-1,0,1,2,3;-2.0;Train.Subset;66.54
MFC_E_Z;-3,-2,-1,0,1,2,3;-2.0;Test.Set;62.12
MFC_E_Z;-3,-2,-1,0,1,2,3;0.0;Train.Subset;64.00
MFC_E_Z;-3,-2,-1,0,1,2,3;0.0;Test.Set;59.34
MFC_E_Z;-3,-2,-1,0,1,2,3;2.0;Train.Subset;58.47
MFC_E_Z;-3,-2,-1,0,1,2,3;2.0;Test.Set;53.38
MFC_E_Z;-3,-2,-1,0,1,2,3;4.0;Train.Subset;48.50
MFC_E_Z;-3,-2,-1,0,1,2,3;4.0;Test.Set;42.71
MFC_E_Z;-4,-3,-2,-1,0,1,2,3,4;-32.0;Train.Subset;52.51
MFC_E_Z;-4,-3,-2,-1,0,1,2,3,4;-32.0;Test.Set;49.73
MFC_E_Z;-4,-3,-2,-1,0,1,2,3,4;-16.0;Train.Subset;61.63
MFC_E_Z;-4,-3,-2,-1,0,1,2,3,4;-16.0;Test.Set;58.52
MFC_E_Z;-4,-3,-2,-1,0,1,2,3,4;-8.0;Train.Subset;67.25
MFC_E_Z;-4,-3,-2,-1,0,1,2,3,4;-8.0;Test.Set;63.14
MFC_E_Z;-4,-3,-2,-1,0,1,2,3,4;-4.0;Train.Subset;68.55
MFC_E_Z;-4,-3,-2,-1,0,1,2,3,4;-4.0;Test.Set;64.27
MFC_E_Z;-4,-3,-2,-1,0,1,2,3,4;-2.0;Train.Subset;68.20
MFC_E_Z;-4,-3,-2,-1,0,1,2,3,4;-2.0;Test.Set;63.57
MFC_E_Z;-4,-3,-2,-1,0,1,2,3,4;0.0;Train.Subset;66.49
MFC_E_Z;-4,-3,-2,-1,0,1,2,3,4;0.0;Test.Set;61.23
MFC_E_Z;-4,-3,-2,-1,0,1,2,3,4;2.0;Train.Subset;61.88
MFC_E_Z;-4,-3,-2,-1,0,1,2,3,4;2.0;Test.Set;56.34
MFC_E_Z;-4,-3,-2,-1,0,1,2,3,4;4.0;Train.Subset;53.09
MFC_E_Z;-4,-3,-2,-1,0,1,2,3,4;4.0;Test.Set;46.85
MFC_E_Z;-5,-4,-3,-2,-1,0,1,2,3,4,5;-32.0;Train.Subset;53.97
MFC_E_Z;-5,-4,-3,-2,-1,0,1,2,3,4,5;-32.0;Test.Set;50.66
MFC_E_Z;-5,-4,-3,-2,-1,0,1,2,3,4,5;-16.0;Train.Subset;63.47
MFC_E_Z;-5,-4,-3,-2,-1,0,1,2,3,4,5;-16.0;Test.Set;59.26
MFC_E_Z;-5,-4,-3,-2,-1,0,1,2,3,4,5;-8.0;Train.Subset;68.92
MFC_E_Z;-5,-4,-3,-2,-1,0,1,2,3,4,5;-8.0;Test.Set;64.03
MFC_E_Z;-5,-4,-3,-2,-1,0,1,2,3,4,5;-4.0;Train.Subset;70.70
MFC_E_Z;-5,-4,-3,-2,-1,0,1,2,3,4,5;-4.0;Test.Set;65.28
MFC_E_Z;-5,-4,-3,-2,-1,0,1,2,3,4,5;-2.0;Train.Subset;70.72
MFC_E_Z;-5,-4,-3,-2,-1,0,1,2,3,4,5;-2.0;Test.Set;64.94
MFC_E_Z;-5,-4,-3,-2,-1,0,1,2,3,4,5;0.0;Train.Subset;69.42
MFC_E_Z;-5,-4,-3,-2,-1,0,1,2,3,4,5;0.0;Test.Set;63.26
MFC_E_Z;-5,-4,-3,-2,-1,0,1,2,3,4,5;2.0;Train.Subset;65.72
MFC_E_Z;-5,-4,-3,-2,-1,0,1,2,3,4,5;2.0;Test.Set;59.19
MFC_E_Z;-5,-4,-3,-2,-1,0,1,2,3,4,5;4.0;Train.Subset;57.87
MFC_E_Z;-5,-4,-3,-2,-1,0,1,2,3,4,5;4.0;Test.Set;50.62
MFC_E_Z;-6,-5,-4,-3,-2,-1,0,1,2,3,4,5,6;-32.0;Train.Subset;54.45
MFC_E_Z;-6,-5,-4,-3,-2,-1,0,1,2,3,4,5,6;-32.0;Test.Set;50.87
MFC_E_Z;-6,-5,-4,-3,-2,-1,0,1,2,3,4,5,6;-16.0;Train.Subset;63.78
MFC_E_Z;-6,-5,-4,-3,-2,-1,0,1,2,3,4,5,6;-16.0;Test.Set;59.51
MFC_E_Z;-6,-5,-4,-3,-2,-1,0,1,2,3,4,5,6;-8.0;Train.Subset;69.42
MFC_E_Z;-6,-5,-4,-3,-2,-1,0,1,2,3,4,5,6;-8.0;Test.Set;64.22
MFC_E_Z;-6,-5,-4,-3,-2,-1,0,1,2,3,4,5,6;-4.0;Train.Subset;71.21
MFC_E_Z;-6,-5,-4,-3,-2,-1,0,1,2,3,4,5,6;-4.0;Test.Set;65.64
MFC_E_Z;-6,-5,-4,-3,-2,-1,0,1,2,3,4,5,6;-2.0;Train.Subset;71.28
MFC_E_Z;-6,-5,-4,-3,-2,-1,0,1,2,3,4,5,6;-2.0;Test.Set;65.21
MFC_E_Z;-6,-5,-4,-3,-2,-1,0,1,2,3,4,5,6;0.0;Train.Subset;70.34
MFC_E_Z;-6,-5,-4,-3,-2,-1,0,1,2,3,4,5,6;0.0;Test.Set;63.69
MFC_E_Z;-6,-5,-4,-3,-2,-1,0,1,2,3,4,5,6;2.0;Train.Subset;67.14
MFC_E_Z;-6,-5,-4,-3,-2,-1,0,1,2,3,4,5,6;2.0;Test.Set;59.91
MFC_E_Z;-6,-5,-4,-3,-2,-1,0,1,2,3,4,5,6;4.0;Train.Subset;59.83
MFC_E_Z;-6,-5,-4,-3,-2,-1,0,1,2,3,4,5,6;4.0;Test.Set;51.64
MFC_E_Z;-7,-6,-5,-4,-3,-2,-1,0,1,2,3,4,5,6,7;-32.0;Train.Subset;54.32
MFC_E_Z;-7,-6,-5,-4,-3,-2,-1,0,1,2,3,4,5,6,7;-32.0;Test.Set;50.62
MFC_E_Z;-7,-6,-5,-4,-3,-2,-1,0,1,2,3,4,5,6,7;-16.0;Train.Subset;63.83
MFC_E_Z;-7,-6,-5,-4,-3,-2,-1,0,1,2,3,4,5,6,7;-16.0;Test.Set;59.34
MFC_E_Z;-7,-6,-5,-4,-3,-2,-1,0,1,2,3,4,5,6,7;-8.0;Train.Subset;69.23
MFC_E_Z;-7,-6,-5,-4,-3,-2,-1,0,1,2,3,4,5,6,7;-8.0;Test.Set;64.12
MFC_E_Z;-7,-6,-5,-4,-3,-2,-1,0,1,2,3,4,5,6,7;-4.0;Train.Subset;71.37
MFC_E_Z;-7,-6,-5,-4,-3,-2,-1,0,1,2,3,4,5,6,7;-4.0;Test.Set;65.56
MFC_E_Z;-7,-6,-5,-4,-3,-2,-1,0,1,2,3,4,5,6,7;-2.0;Train.Subset;71.58
MFC_E_Z;-7,-6,-5,-4,-3,-2,-1,0,1,2,3,4,5,6,7;-2.0;Test.Set;65.54
MFC_E_Z;-7,-6,-5,-4,-3,-2,-1,0,1,2,3,4,5,6,7;0.0;Train.Subset;70.55
MFC_E_Z;-7,-6,-5,-4,-3,-2,-1,0,1,2,3,4,5,6,7;0.0;Test.Set;64.14
MFC_E_Z;-7,-6,-5,-4,-3,-2,-1,0,1,2,3,4,5,6,7;2.0;Train.Subset;67.34
MFC_E_Z;-7,-6,-5,-4,-3,-2,-1,0,1,2,3,4,5,6,7;2.0;Test.Set;60.37
MFC_E_Z;-7,-6,-5,-4,-3,-2,-1,0,1,2,3,4,5,6,7;4.0;Train.Subset;60.05
MFC_E_Z;-7,-6,-5,-4,-3,-2,-1,0,1,2,3,4,5,6,7;4.0;Test.Set;52.30
MFC_E_Z;-8,-7,-6,-5,-4,-3,-2,-1,0,1,2,3,4,5,6,7,8;-32.0;Train.Subset;54.69
MFC_E_Z;-8,-7,-6,-5,-4,-3,-2,-1,0,1,2,3,4,5,6,7,8;-32.0;Test.Set;50.77
MFC_E_Z;-8,-7,-6,-5,-4,-3,-2,-1,0,1,2,3,4,5,6,7,8;-16.0;Train.Subset;64.04
MFC_E_Z;-8,-7,-6,-5,-4,-3,-2,-1,0,1,2,3,4,5,6,7,8;-16.0;Test.Set;59.24
MFC_E_Z;-8,-7,-6,-5,-4,-3,-2,-1,0,1,2,3,4,5,6,7,8;-8.0;Train.Subset;69.63
MFC_E_Z;-8,-7,-6,-5,-4,-3,-2,-1,0,1,2,3,4,5,6,7,8;-8.0;Test.Set;63.97
MFC_E_Z;-8,-7,-6,-5,-4,-3,-2,-1,0,1,2,3,4,5,6,7,8;-4.0;Train.Subset;71.87
MFC_E_Z;-8,-7,-6,-5,-4,-3,-2,-1,0,1,2,3,4,5,6,7,8;-4.0;Test.Set;65.55
MFC_E_Z;-8,-7,-6,-5,-4,-3,-2,-1,0,1,2,3,4,5,6,7,8;-2.0;Train.Subset;72.21
MFC_E_Z;-8,-7,-6,-5,-4,-3,-2,-1,0,1,2,3,4,5,6,7,8;-2.0;Test.Set;65.48
MFC_E_Z;-8,-7,-6,-5,-4,-3,-2,-1,0,1,2,3,4,5,6,7,8;0.0;Train.Subset;71.22
MFC_E_Z;-8,-7,-6,-5,-4,-3,-2,-1,0,1,2,3,4,5,6,7,8;0.0;Test.Set;64.37
MFC_E_Z;-8,-7,-6,-5,-4,-3,-2,-1,0,1,2,3,4,5,6,7,8;2.0;Train.Subset;68.12
MFC_E_Z;-8,-7,-6,-5,-4,-3,-2,-1,0,1,2,3,4,5,6,7,8;2.0;Test.Set;61.04
MFC_E_Z;-8,-7,-6,-5,-4,-3,-2,-1,0,1,2,3,4,5,6,7,8;4.0;Train.Subset;60.95
MFC_E_Z;-8,-7,-6,-5,-4,-3,-2,-1,0,1,2,3,4,5,6,7,8;4.0;Test.Set;53.13
MFC_E_Z;-9,-8,-7,-6,-5,-4,-3,-2,-1,0,1,2,3,4,5,6,7,8,9;-32.0;Train.Subset;53.38
MFC_E_Z;-9,-8,-7,-6,-5,-4,-3,-2,-1,0,1,2,3,4,5,6,7,8,9;-32.0;Test.Set;49.97
MFC_E_Z;-9,-8,-7,-6,-5,-4,-3,-2,-1,0,1,2,3,4,5,6,7,8,9;-16.0;Train.Subset;62.89
MFC_E_Z;-9,-8,-7,-6,-5,-4,-3,-2,-1,0,1,2,3,4,5,6,7,8,9;-16.0;Test.Set;58.45
MFC_E_Z;-9,-8,-7,-6,-5,-4,-3,-2,-1,0,1,2,3,4,5,6,7,8,9;-8.0;Train.Subset;68.38
MFC_E_Z;-9,-8,-7,-6,-5,-4,-3,-2,-1,0,1,2,3,4,5,6,7,8,9;-8.0;Test.Set;63.17
MFC_E_Z;-9,-8,-7,-6,-5,-4,-3,-2,-1,0,1,2,3,4,5,6,7,8,9;-4.0;Train.Subset;70.69
MFC_E_Z;-9,-8,-7,-6,-5,-4,-3,-2,-1,0,1,2,3,4,5,6,7,8,9;-4.0;Test.Set;64.79
MFC_E_Z;-9,-8,-7,-6,-5,-4,-3,-2,-1,0,1,2,3,4,5,6,7,8,9;-2.0;Train.Subset;70.96
MFC_E_Z;-9,-8,-7,-6,-5,-4,-3,-2,-1,0,1,2,3,4,5,6,7,8,9;-2.0;Test.Set;64.86
MFC_E_Z;-9,-8,-7,-6,-5,-4,-3,-2,-1,0,1,2,3,4,5,6,7,8,9;0.0;Train.Subset;70.16
MFC_E_Z;-9,-8,-7,-6,-5,-4,-3,-2,-1,0,1,2,3,4,5,6,7,8,9;0.0;Test.Set;63.61
MFC_E_Z;-9,-8,-7,-6,-5,-4,-3,-2,-1,0,1,2,3,4,5,6,7,8,9;2.0;Train.Subset;66.97
MFC_E_Z;-9,-8,-7,-6,-5,-4,-3,-2,-1,0,1,2,3,4,5,6,7,8,9;2.0;Test.Set;60.07
MFC_E_Z;-9,-8,-7,-6,-5,-4,-3,-2,-1,0,1,2,3,4,5,6,7,8,9;4.0;Train.Subset;59.46
MFC_E_Z;-9,-8,-7,-6,-5,-4,-3,-2,-1,0,1,2,3,4,5,6,7,8,9;4.0;Test.Set;51.98
MFC_E_Z;-10,-9,-8,-7,-6,-5,-4,-3,-2,-1,0,1,2,3,4,5,6,7,8,9,10;-32.0;Train.Subset;53.84
MFC_E_Z;-10,-9,-8,-7,-6,-5,-4,-3,-2,-1,0,1,2,3,4,5,6,7,8,9,10;-32.0;Test.Set;50.05
MFC_E_Z;-10,-9,-8,-7,-6,-5,-4,-3,-2,-1,0,1,2,3,4,5,6,7,8,9,10;-16.0;Train.Subset;63.29
MFC_E_Z;-10,-9,-8,-7,-6,-5,-4,-3,-2,-1,0,1,2,3,4,5,6,7,8,9,10;-16.0;Test.Set;58.41
MFC_E_Z;-10,-9,-8,-7,-6,-5,-4,-3,-2,-1,0,1,2,3,4,5,6,7,8,9,10;-8.0;Train.Subset;69.02
MFC_E_Z;-10,-9,-8,-7,-6,-5,-4,-3,-2,-1,0,1,2,3,4,5,6,7,8,9,10;-8.0;Test.Set;63.37
MFC_E_Z;-10,-9,-8,-7,-6,-5,-4,-3,-2,-1,0,1,2,3,4,5,6,7,8,9,10;-4.0;Train.Subset;71.39
MFC_E_Z;-10,-9,-8,-7,-6,-5,-4,-3,-2,-1,0,1,2,3,4,5,6,7,8,9,10;-4.0;Test.Set;65.08
MFC_E_Z;-10,-9,-8,-7,-6,-5,-4,-3,-2,-1,0,1,2,3,4,5,6,7,8,9,10;-2.0;Train.Subset;71.78
MFC_E_Z;-10,-9,-8,-7,-6,-5,-4,-3,-2,-1,0,1,2,3,4,5,6,7,8,9,10;-2.0;Test.Set;65.21
MFC_E_Z;-10,-9,-8,-7,-6,-5,-4,-3,-2,-1,0,1,2,3,4,5,6,7,8,9,10;0.0;Train.Subset;70.98
MFC_E_Z;-10,-9,-8,-7,-6,-5,-4,-3,-2,-1,0,1,2,3,4,5,6,7,8,9,10;0.0;Test.Set;63.89
MFC_E_Z;-10,-9,-8,-7,-6,-5,-4,-3,-2,-1,0,1,2,3,4,5,6,7,8,9,10;2.0;Train.Subset;67.97
MFC_E_Z;-10,-9,-8,-7,-6,-5,-4,-3,-2,-1,0,1,2,3,4,5,6,7,8,9,10;2.0;Test.Set;60.38
MFC_E_Z;-10,-9,-8,-7,-6,-5,-4,-3,-2,-1,0,1,2,3,4,5,6,7,8,9,10;4.0;Train.Subset;60.99
MFC_E_Z;-10,-9,-8,-7,-6,-5,-4,-3,-2,-1,0,1,2,3,4,5,6,7,8,9,10;4.0;Test.Set;52.33
MFC_E_D_Z;0;-32.0;Train.Subset;49.48
MFC_E_D_Z;0;-32.0;Test.Set;48.00
MFC_E_D_Z;0;-16.0;Train.Subset;57.84
MFC_E_D_Z;0;-16.0;Test.Set;56.23
MFC_E_D_Z;0;-8.0;Train.Subset;62.81
MFC_E_D_Z;0;-8.0;Test.Set;60.59
MFC_E_D_Z;0;-4.0;Train.Subset;63.58
MFC_E_D_Z;0;-4.0;Test.Set;61.19
MFC_E_D_Z;0;-2.0;Train.Subset;62.44
MFC_E_D_Z;0;-2.0;Test.Set;59.87
MFC_E_D_Z;0;0.0;Train.Subset;59.52
MFC_E_D_Z;0;0.0;Test.Set;56.57
MFC_E_D_Z;0;2.0;Train.Subset;53.52
MFC_E_D_Z;0;2.0;Test.Set;50.33
MFC_E_D_Z;0;4.0;Train.Subset;43.27
MFC_E_D_Z;0;4.0;Test.Set;40.03
MFC_E_D_Z;-1,0,1;-32.0;Train.Subset;54.01
MFC_E_D_Z;-1,0,1;-32.0;Test.Set;51.70
MFC_E_D_Z;-1,0,1;-16.0;Train.Subset;63.61
MFC_E_D_Z;-1,0,1;-16.0;Test.Set;60.80
MFC_E_D_Z;-1,0,1;-8.0;Train.Subset;68.44
MFC_E_D_Z;-1,0,1;-8.0;Test.Set;65.04
MFC_E_D_Z;-1,0,1;-4.0;Train.Subset;69.24
MFC_E_D_Z;-1,0,1;-4.0;Test.Set;65.63
MFC_E_D_Z;-1,0,1;-2.0;Train.Subset;68.52
MFC_E_D_Z;-1,0,1;-2.0;Test.Set;64.82
MFC_E_D_Z;-1,0,1;0.0;Train.Subset;66.49
MFC_E_D_Z;-1,0,1;0.0;Test.Set;62.50
MFC_E_D_Z;-1,0,1;2.0;Train.Subset;62.35
MFC_E_D_Z;-1,0,1;2.0;Test.Set;58.12
MFC_E_D_Z;-1,0,1;4.0;Train.Subset;55.28
MFC_E_D_Z;-1,0,1;4.0;Test.Set;50.67
MFC_E_D_Z;-2,-1,0,1,2;-32.0;Train.Subset;55.50
MFC_E_D_Z;-2,-1,0,1,2;-32.0;Test.Set;52.70
MFC_E_D_Z;-2,-1,0,1,2;-16.0;Train.Subset;65.01
MFC_E_D_Z;-2,-1,0,1,2;-16.0;Test.Set;61.85
MFC_E_D_Z;-2,-1,0,1,2;-8.0;Train.Subset;69.95
MFC_E_D_Z;-2,-1,0,1,2;-8.0;Test.Set;66.10
MFC_E_D_Z;-2,-1,0,1,2;-4.0;Train.Subset;70.93
MFC_E_D_Z;-2,-1,0,1,2;-4.0;Test.Set;66.71
MFC_E_D_Z;-2,-1,0,1,2;-2.0;Train.Subset;70.54
MFC_E_D_Z;-2,-1,0,1,2;-2.0;Test.Set;66.16
MFC_E_D_Z;-2,-1,0,1,2;0.0;Train.Subset;68.97
MFC_E_D_Z;-2,-1,0,1,2;0.0;Test.Set;64.19
MFC_E_D_Z;-2,-1,0,1,2;2.0;Train.Subset;65.83
MFC_E_D_Z;-2,-1,0,1,2;2.0;Test.Set;60.57
MFC_E_D_Z;-2,-1,0,1,2;4.0;Train.Subset;59.92
MFC_E_D_Z;-2,-1,0,1,2;4.0;Test.Set;54.18
MFC_E_D_Z;-3,-2,-1,0,1,2,3;-32.0;Train.Subset;55.52
MFC_E_D_Z;-3,-2,-1,0,1,2,3;-32.0;Test.Set;52.70
MFC_E_D_Z;-3,-2,-1,0,1,2,3;-16.0;Train.Subset;65.23
MFC_E_D_Z;-3,-2,-1,0,1,2,3;-16.0;Test.Set;61.88
MFC_E_D_Z;-3,-2,-1,0,1,2,3;-8.0;Train.Subset;70.04
MFC_E_D_Z;-3,-2,-1,0,1,2,3;-8.0;Test.Set;66.13
MFC_E_D_Z;-3,-2,-1,0,1,2,3;-4.0;Train.Subset;71.27
MFC_E_D_Z;-3,-2,-1,0,1,2,3;-4.0;Test.Set;66.93
MFC_E_D_Z;-3,-2,-1,0,1,2,3;-2.0;Train.Subset;71.06
MFC_E_D_Z;-3,-2,-1,0,1,2,3;-2.0;Test.Set;66.53
MFC_E_D_Z;-3,-2,-1,0,1,2,3;0.0;Train.Subset;69.82
MFC_E_D_Z;-3,-2,-1,0,1,2,3;0.0;Test.Set;64.93
MFC_E_D_Z;-3,-2,-1,0,1,2,3;2.0;Train.Subset;67.03
MFC_E_D_Z;-3,-2,-1,0,1,2,3;2.0;Test.Set;61.71
MFC_E_D_Z;-3,-2,-1,0,1,2,3;4.0;Train.Subset;61.98
MFC_E_D_Z;-3,-2,-1,0,1,2,3;4.0;Test.Set;56.10
MFC_E_D_Z;-4,-3,-2,-1,0,1,2,3,4;-32.0;Train.Subset;57.59
MFC_E_D_Z;-4,-3,-2,-1,0,1,2,3,4;-32.0;Test.Set;54.24
MFC_E_D_Z;-4,-3,-2,-1,0,1,2,3,4;-16.0;Train.Subset;67.22
MFC_E_D_Z;-4,-3,-2,-1,0,1,2,3,4;-16.0;Test.Set;63.11
MFC_E_D_Z;-4,-3,-2,-1,0,1,2,3,4;-8.0;Train.Subset;72.15
MFC_E_D_Z;-4,-3,-2,-1,0,1,2,3,4;-8.0;Test.Set;67.20
MFC_E_D_Z;-4,-3,-2,-1,0,1,2,3,4;-4.0;Train.Subset;73.46
MFC_E_D_Z;-4,-3,-2,-1,0,1,2,3,4;-4.0;Test.Set;68.08
MFC_E_D_Z;-4,-3,-2,-1,0,1,2,3,4;-2.0;Train.Subset;73.46
MFC_E_D_Z;-4,-3,-2,-1,0,1,2,3,4;-2.0;Test.Set;67.78
MFC_E_D_Z;-4,-3,-2,-1,0,1,2,3,4;0.0;Train.Subset;72.46
MFC_E_D_Z;-4,-3,-2,-1,0,1,2,3,4;0.0;Test.Set;66.41
MFC_E_D_Z;-4,-3,-2,-1,0,1,2,3,4;2.0;Train.Subset;70.26
MFC_E_D_Z;-4,-3,-2,-1,0,1,2,3,4;2.0;Test.Set;63.56
MFC_E_D_Z;-4,-3,-2,-1,0,1,2,3,4;4.0;Train.Subset;65.82
MFC_E_D_Z;-4,-3,-2,-1,0,1,2,3,4;4.0;Test.Set;58.61
MFC_E_D_Z;-5,-4,-3,-2,-1,0,1,2,3,4,5;-32.0;Train.Subset;57.35
MFC_E_D_Z;-5,-4,-3,-2,-1,0,1,2,3,4,5;-32.0;Test.Set;53.95
MFC_E_D_Z;-5,-4,-3,-2,-1,0,1,2,3,4,5;-16.0;Train.Subset;67.06
MFC_E_D_Z;-5,-4,-3,-2,-1,0,1,2,3,4,5;-16.0;Test.Set;62.92
MFC_E_D_Z;-5,-4,-3,-2,-1,0,1,2,3,4,5;-8.0;Train.Subset;72.11
MFC_E_D_Z;-5,-4,-3,-2,-1,0,1,2,3,4,5;-8.0;Test.Set;67.18
MFC_E_D_Z;-5,-4,-3,-2,-1,0,1,2,3,4,5;-4.0;Train.Subset;73.59
MFC_E_D_Z;-5,-4,-3,-2,-1,0,1,2,3,4,5;-4.0;Test.Set;68.23
MFC_E_D_Z;-5,-4,-3,-2,-1,0,1,2,3,4,5;-2.0;Train.Subset;73.68
MFC_E_D_Z;-5,-4,-3,-2,-1,0,1,2,3,4,5;-2.0;Test.Set;67.89
MFC_E_D_Z;-5,-4,-3,-2,-1,0,1,2,3,4,5;0.0;Train.Subset;72.96
MFC_E_D_Z;-5,-4,-3,-2,-1,0,1,2,3,4,5;0.0;Test.Set;66.76
MFC_E_D_Z;-5,-4,-3,-2,-1,0,1,2,3,4,5;2.0;Train.Subset;70.81
MFC_E_D_Z;-5,-4,-3,-2,-1,0,1,2,3,4,5;2.0;Test.Set;64.20
MFC_E_D_Z;-5,-4,-3,-2,-1,0,1,2,3,4,5;4.0;Train.Subset;66.26
MFC_E_D_Z;-5,-4,-3,-2,-1,0,1,2,3,4,5;4.0;Test.Set;59.55
MFC_E_D_Z;-6,-5,-4,-3,-2,-1,0,1,2,3,4,5,6;-32.0;Train.Subset;57.77
MFC_E_D_Z;-6,-5,-4,-3,-2,-1,0,1,2,3,4,5,6;-32.0;Test.Set;54.01
MFC_E_D_Z;-6,-5,-4,-3,-2,-1,0,1,2,3,4,5,6;-16.0;Train.Subset;67.51
MFC_E_D_Z;-6,-5,-4,-3,-2,-1,0,1,2,3,4,5,6;-16.0;Test.Set;62.96
MFC_E_D_Z;-6,-5,-4,-3,-2,-1,0,1,2,3,4,5,6;-8.0;Train.Subset;72.59
MFC_E_D_Z;-6,-5,-4,-3,-2,-1,0,1,2,3,4,5,6;-8.0;Test.Set;67.34
MFC_E_D_Z;-6,-5,-4,-3,-2,-1,0,1,2,3,4,5,6;-4.0;Train.Subset;74.12
MFC_E_D_Z;-6,-5,-4,-3,-2,-1,0,1,2,3,4,5,6;-4.0;Test.Set;68.31
MFC_E_D_Z;-6,-5,-4,-3,-2,-1,0,1,2,3,4,5,6;-2.0;Train.Subset;74.32
MFC_E_D_Z;-6,-5,-4,-3,-2,-1,0,1,2,3,4,5,6;-2.0;Test.Set;68.28
MFC_E_D_Z;-6,-5,-4,-3,-2,-1,0,1,2,3,4,5,6;0.0;Train.Subset;73.75
MFC_E_D_Z;-6,-5,-4,-3,-2,-1,0,1,2,3,4,5,6;0.0;Test.Set;67.33
MFC_E_D_Z;-6,-5,-4,-3,-2,-1,0,1,2,3,4,5,6;2.0;Train.Subset;71.81
MFC_E_D_Z;-6,-5,-4,-3,-2,-1,0,1,2,3,4,5,6;2.0;Test.Set;64.98
MFC_E_D_Z;-6,-5,-4,-3,-2,-1,0,1,2,3,4,5,6;4.0;Train.Subset;67.66
MFC_E_D_Z;-6,-5,-4,-3,-2,-1,0,1,2,3,4,5,6;4.0;Test.Set;60.35
MFC_E_D_Z;-7,-6,-5,-4,-3,-2,-1,0,1,2,3,4,5,6,7;-32.0;Train.Subset;59.17
MFC_E_D_Z;-7,-6,-5,-4,-3,-2,-1,0,1,2,3,4,5,6,7;-32.0;Test.Set;54.75
MFC_E_D_Z;-7,-6,-5,-4,-3,-2,-1,0,1,2,3,4,5,6,7;-16.0;Train.Subset;68.73
MFC_E_D_Z;-7,-6,-5,-4,-3,-2,-1,0,1,2,3,4,5,6,7;-16.0;Test.Set;63.38
MFC_E_D_Z;-7,-6,-5,-4,-3,-2,-1,0,1,2,3,4,5,6,7;-8.0;Train.Subset;73.73
MFC_E_D_Z;-7,-6,-5,-4,-3,-2,-1,0,1,2,3,4,5,6,7;-8.0;Test.Set;67.39
MFC_E_D_Z;-7,-6,-5,-4,-3,-2,-1,0,1,2,3,4,5,6,7;-4.0;Train.Subset;75.51
MFC_E_D_Z;-7,-6,-5,-4,-3,-2,-1,0,1,2,3,4,5,6,7;-4.0;Test.Set;68.51
MFC_E_D_Z;-7,-6,-5,-4,-3,-2,-1,0,1,2,3,4,5,6,7;-2.0;Train.Subset;75.83
MFC_E_D_Z;-7,-6,-5,-4,-3,-2,-1,0,1,2,3,4,5,6,7;-2.0;Test.Set;68.37
MFC_E_D_Z;-7,-6,-5,-4,-3,-2,-1,0,1,2,3,4,5,6,7;0.0;Train.Subset;75.29
MFC_E_D_Z;-7,-6,-5,-4,-3,-2,-1,0,1,2,3,4,5,6,7;0.0;Test.Set;67.44
MFC_E_D_Z;-7,-6,-5,-4,-3,-2,-1,0,1,2,3,4,5,6,7;2.0;Train.Subset;73.50
MFC_E_D_Z;-7,-6,-5,-4,-3,-2,-1,0,1,2,3,4,5,6,7;2.0;Test.Set;65.09
MFC_E_D_Z;-7,-6,-5,-4,-3,-2,-1,0,1,2,3,4,5,6,7;4.0;Train.Subset;69.82
MFC_E_D_Z;-7,-6,-5,-4,-3,-2,-1,0,1,2,3,4,5,6,7;4.0;Test.Set;61.07
MFC_E_D_Z;-8,-7,-6,-5,-4,-3,-2,-1,0,1,2,3,4,5,6,7,8;-32.0;Train.Subset;59.27
MFC_E_D_Z;-8,-7,-6,-5,-4,-3,-2,-1,0,1,2,3,4,5,6,7,8;-32.0;Test.Set;54.76
MFC_E_D_Z;-8,-7,-6,-5,-4,-3,-2,-1,0,1,2,3,4,5,6,7,8;-16.0;Train.Subset;69.07
MFC_E_D_Z;-8,-7,-6,-5,-4,-3,-2,-1,0,1,2,3,4,5,6,7,8;-16.0;Test.Set;63.21
MFC_E_D_Z;-8,-7,-6,-5,-4,-3,-2,-1,0,1,2,3,4,5,6,7,8;-8.0;Train.Subset;74.30
MFC_E_D_Z;-8,-7,-6,-5,-4,-3,-2,-1,0,1,2,3,4,5,6,7,8;-8.0;Test.Set;67.34
MFC_E_D_Z;-8,-7,-6,-5,-4,-3,-2,-1,0,1,2,3,4,5,6,7,8;-4.0;Train.Subset;76.07
MFC_E_D_Z;-8,-7,-6,-5,-4,-3,-2,-1,0,1,2,3,4,5,6,7,8;-4.0;Test.Set;68.37
MFC_E_D_Z;-8,-7,-6,-5,-4,-3,-2,-1,0,1,2,3,4,5,6,7,8;-2.0;Train.Subset;76.42
MFC_E_D_Z;-8,-7,-6,-5,-4,-3,-2,-1,0,1,2,3,4,5,6,7,8;-2.0;Test.Set;68.27
MFC_E_D_Z;-8,-7,-6,-5,-4,-3,-2,-1,0,1,2,3,4,5,6,7,8;0.0;Train.Subset;75.82
MFC_E_D_Z;-8,-7,-6,-5,-4,-3,-2,-1,0,1,2,3,4,5,6,7,8;0.0;Test.Set;67.41
MFC_E_D_Z;-8,-7,-6,-5,-4,-3,-2,-1,0,1,2,3,4,5,6,7,8;2.0;Train.Subset;73.96
MFC_E_D_Z;-8,-7,-6,-5,-4,-3,-2,-1,0,1,2,3,4,5,6,7,8;2.0;Test.Set;65.13
MFC_E_D_Z;-8,-7,-6,-5,-4,-3,-2,-1,0,1,2,3,4,5,6,7,8;4.0;Train.Subset;70.20
MFC_E_D_Z;-8,-7,-6,-5,-4,-3,-2,-1,0,1,2,3,4,5,6,7,8;4.0;Test.Set;60.74
MFC_E_D_Z;-9,-8,-7,-6,-5,-4,-3,-2,-1,0,1,2,3,4,5,6,7,8,9;-32.0;Train.Subset;59.03
MFC_E_D_Z;-9,-8,-7,-6,-5,-4,-3,-2,-1,0,1,2,3,4,5,6,7,8,9;-32.0;Test.Set;54.29
MFC_E_D_Z;-9,-8,-7,-6,-5,-4,-3,-2,-1,0,1,2,3,4,5,6,7,8,9;-16.0;Train.Subset;68.81
MFC_E_D_Z;-9,-8,-7,-6,-5,-4,-3,-2,-1,0,1,2,3,4,5,6,7,8,9;-16.0;Test.Set;62.87
MFC_E_D_Z;-9,-8,-7,-6,-5,-4,-3,-2,-1,0,1,2,3,4,5,6,7,8,9;-8.0;Train.Subset;73.85
MFC_E_D_Z;-9,-8,-7,-6,-5,-4,-3,-2,-1,0,1,2,3,4,5,6,7,8,9;-8.0;Test.Set;66.97
MFC_E_D_Z;-9,-8,-7,-6,-5,-4,-3,-2,-1,0,1,2,3,4,5,6,7,8,9;-4.0;Train.Subset;75.66
MFC_E_D_Z;-9,-8,-7,-6,-5,-4,-3,-2,-1,0,1,2,3,4,5,6,7,8,9;-4.0;Test.Set;68.22
MFC_E_D_Z;-9,-8,-7,-6,-5,-4,-3,-2,-1,0,1,2,3,4,5,6,7,8,9;-2.0;Train.Subset;75.98
MFC_E_D_Z;-9,-8,-7,-6,-5,-4,-3,-2,-1,0,1,2,3,4,5,6,7,8,9;-2.0;Test.Set;68.03
MFC_E_D_Z;-9,-8,-7,-6,-5,-4,-3,-2,-1,0,1,2,3,4,5,6,7,8,9;0.0;Train.Subset;75.51
MFC_E_D_Z;-9,-8,-7,-6,-5,-4,-3,-2,-1,0,1,2,3,4,5,6,7,8,9;0.0;Test.Set;67.06
MFC_E_D_Z;-9,-8,-7,-6,-5,-4,-3,-2,-1,0,1,2,3,4,5,6,7,8,9;2.0;Train.Subset;73.90
MFC_E_D_Z;-9,-8,-7,-6,-5,-4,-3,-2,-1,0,1,2,3,4,5,6,7,8,9;2.0;Test.Set;64.82
MFC_E_D_Z;-9,-8,-7,-6,-5,-4,-3,-2,-1,0,1,2,3,4,5,6,7,8,9;4.0;Train.Subset;70.16
MFC_E_D_Z;-9,-8,-7,-6,-5,-4,-3,-2,-1,0,1,2,3,4,5,6,7,8,9;4.0;Test.Set;60.33
MFC_E_D_Z;-10,-9,-8,-7,-6,-5,-4,-3,-2,-1,0,1,2,3,4,5,6,7,8,9,10;-32.0;Train.Subset;59.40
MFC_E_D_Z;-10,-9,-8,-7,-6,-5,-4,-3,-2,-1,0,1,2,3,4,5,6,7,8,9,10;-32.0;Test.Set;54.58
MFC_E_D_Z;-10,-9,-8,-7,-6,-5,-4,-3,-2,-1,0,1,2,3,4,5,6,7,8,9,10;-16.0;Train.Subset;69.18
MFC_E_D_Z;-10,-9,-8,-7,-6,-5,-4,-3,-2,-1,0,1,2,3,4,5,6,7,8,9,10;-16.0;Test.Set;63.02
MFC_E_D_Z;-10,-9,-8,-7,-6,-5,-4,-3,-2,-1,0,1,2,3,4,5,6,7,8,9,10;-8.0;Train.Subset;74.41
MFC_E_D_Z;-10,-9,-8,-7,-6,-5,-4,-3,-2,-1,0,1,2,3,4,5,6,7,8,9,10;-8.0;Test.Set;67.29
MFC_E_D_Z;-10,-9,-8,-7,-6,-5,-4,-3,-2,-1,0,1,2,3,4,5,6,7,8,9,10;-4.0;Train.Subset;76.18
MFC_E_D_Z;-10,-9,-8,-7,-6,-5,-4,-3,-2,-1,0,1,2,3,4,5,6,7,8,9,10;-4.0;Test.Set;68.33
MFC_E_D_Z;-10,-9,-8,-7,-6,-5,-4,-3,-2,-1,0,1,2,3,4,5,6,7,8,9,10;-2.0;Train.Subset;76.42
MFC_E_D_Z;-10,-9,-8,-7,-6,-5,-4,-3,-2,-1,0,1,2,3,4,5,6,7,8,9,10;-2.0;Test.Set;68.19
MFC_E_D_Z;-10,-9,-8,-7,-6,-5,-4,-3,-2,-1,0,1,2,3,4,5,6,7,8,9,10;0.0;Train.Subset;76.14
MFC_E_D_Z;-10,-9,-8,-7,-6,-5,-4,-3,-2,-1,0,1,2,3,4,5,6,7,8,9,10;0.0;Test.Set;67.28
MFC_E_D_Z;-10,-9,-8,-7,-6,-5,-4,-3,-2,-1,0,1,2,3,4,5,6,7,8,9,10;2.0;Train.Subset;74.53
MFC_E_D_Z;-10,-9,-8,-7,-6,-5,-4,-3,-2,-1,0,1,2,3,4,5,6,7,8,9,10;2.0;Test.Set;65.00
MFC_E_D_Z;-10,-9,-8,-7,-6,-5,-4,-3,-2,-1,0,1,2,3,4,5,6,7,8,9,10;4.0;Train.Subset;70.99
MFC_E_D_Z;-10,-9,-8,-7,-6,-5,-4,-3,-2,-1,0,1,2,3,4,5,6,7,8,9,10;4.0;Test.Set;60.72
MFC;0;-32.0;Train.Subset;51.85
MFC;0;-32.0;Test.Set;50.17
MFC;0;-16.0;Train.Subset;61.69
MFC;0;-16.0;Test.Set;59.69
MFC;0;-8.0;Train.Subset;66.43
MFC;0;-8.0;Test.Set;64.02
MFC;0;-4.0;Train.Subset;67.10
MFC;0;-4.0;Test.Set;64.58
MFC;0;-2.0;Train.Subset;66.10
MFC;0;-2.0;Test.Set;63.62
MFC;0;0.0;Train.Subset;63.69
MFC;0;0.0;Test.Set;61.10
MFC;0;2.0;Train.Subset;59.07
MFC;0;2.0;Test.Set;56.14
MFC;0;4.0;Train.Subset;51.09
MFC;0;4.0;Test.Set;47.63
MFC;-1,0,1;-32.0;Train.Subset;56.36
MFC;-1,0,1;-32.0;Test.Set;53.71
MFC;-1,0,1;-16.0;Train.Subset;66.38
MFC;-1,0,1;-16.0;Test.Set;63.07
MFC;-1,0,1;-8.0;Train.Subset;70.73
MFC;-1,0,1;-8.0;Test.Set;67.12
MFC;-1,0,1;-4.0;Train.Subset;71.79
MFC;-1,0,1;-4.0;Test.Set;67.80
MFC;-1,0,1;-2.0;Train.Subset;71.48
MFC;-1,0,1;-2.0;Test.Set;67.34
MFC;-1,0,1;0.0;Train.Subset;70.24
MFC;-1,0,1;0.0;Test.Set;65.83
MFC;-1,0,1;2.0;Train.Subset;67.66
MFC;-1,0,1;2.0;Test.Set;62.47
MFC;-1,0,1;4.0;Train.Subset;62.33
MFC;-1,0,1;4.0;Test.Set;56.76
MFC;-2,-1,0,1,2;-32.0;Train.Subset;56.61
MFC;-2,-1,0,1,2;-32.0;Test.Set;53.85
MFC;-2,-1,0,1,2;-16.0;Train.Subset;66.67
MFC;-2,-1,0,1,2;-16.0;Test.Set;63.00
MFC;-2,-1,0,1,2;-8.0;Train.Subset;71.03
MFC;-2,-1,0,1,2;-8.0;Test.Set;67.10
MFC;-2,-1,0,1,2;-4.0;Train.Subset;72.18
MFC;-2,-1,0,1,2;-4.0;Test.Set;67.92
MFC;-2,-1,0,1,2;-2.0;Train.Subset;72.07
MFC;-2,-1,0,1,2;-2.0;Test.Set;67.44
MFC;-2,-1,0,1,2;0.0;Train.Subset;71.02
MFC;-2,-1,0,1,2;0.0;Test.Set;65.95
MFC;-2,-1,0,1,2;2.0;Train.Subset;68.23
MFC;-2,-1,0,1,2;2.0;Test.Set;63.00
MFC;-2,-1,0,1,2;4.0;Train.Subset;63.62
MFC;-2,-1,0,1,2;4.0;Test.Set;57.77
MFC;-3,-2,-1,0,1,2,3;-32.0;Train.Subset;55.59
MFC;-3,-2,-1,0,1,2,3;-32.0;Test.Set;52.95
MFC;-3,-2,-1,0,1,2,3;-16.0;Train.Subset;65.43
MFC;-3,-2,-1,0,1,2,3;-16.0;Test.Set;62.11
MFC;-3,-2,-1,0,1,2,3;-8.0;Train.Subset;70.00
MFC;-3,-2,-1,0,1,2,3;-8.0;Test.Set;66.36
MFC;-3,-2,-1,0,1,2,3;-4.0;Train.Subset;71.36
MFC;-3,-2,-1,0,1,2,3;-4.0;Test.Set;67.34
MFC;-3,-2,-1,0,1,2,3;-2.0;Train.Subset;71.31
MFC;-3,-2,-1,0,1,2,3;-2.0;Test.Set;67.06
MFC;-3,-2,-1,0,1,2,3;0.0;Train.Subset;70.38
MFC;-3,-2,-1,0,1,2,3;0.0;Test.Set;65.91
MFC;-3,-2,-1,0,1,2,3;2.0;Train.Subset;68.14
MFC;-3,-2,-1,0,1,2,3;2.0;Test.Set;63.36
MFC;-3,-2,-1,0,1,2,3;4.0;Train.Subset;63.68
MFC;-3,-2,-1,0,1,2,3;4.0;Test.Set;58.28
MFC;-4,-3,-2,-1,0,1,2,3,4;-32.0;Train.Subset;57.36
MFC;-4,-3,-2,-1,0,1,2,3,4;-32.0;Test.Set;54.14
MFC;-4,-3,-2,-1,0,1,2,3,4;-16.0;Train.Subset;67.28
MFC;-4,-3,-2,-1,0,1,2,3,4;-16.0;Test.Set;63.16
MFC;-4,-3,-2,-1,0,1,2,3,4;-8.0;Train.Subset;71.81
MFC;-4,-3,-2,-1,0,1,2,3,4;-8.0;Test.Set;67.14
MFC;-4,-3,-2,-1,0,1,2,3,4;-4.0;Train.Subset;73.11
MFC;-4,-3,-2,-1,0,1,2,3,4;-4.0;Test.Set;67.94
MFC;-4,-3,-2,-1,0,1,2,3,4;-2.0;Train.Subset;73.26
MFC;-4,-3,-2,-1,0,1,2,3,4;-2.0;Test.Set;67.82
MFC;-4,-3,-2,-1,0,1,2,3,4;0.0;Train.Subset;72.42
MFC;-4,-3,-2,-1,0,1,2,3,4;0.0;Test.Set;66.66
MFC;-4,-3,-2,-1,0,1,2,3,4;2.0;Train.Subset;70.34
MFC;-4,-3,-2,-1,0,1,2,3,4;2.0;Test.Set;63.99
MFC;-4,-3,-2,-1,0,1,2,3,4;4.0;Train.Subset;66.02
MFC;-4,-3,-2,-1,0,1,2,3,4;4.0;Test.Set;59.07
MFC;-5,-4,-3,-2,-1,0,1,2,3,4,5;-32.0;Train.Subset;57.51
MFC;-5,-4,-3,-2,-1,0,1,2,3,4,5;-32.0;Test.Set;54.14
MFC;-5,-4,-3,-2,-1,0,1,2,3,4,5;-16.0;Train.Subset;67.20
MFC;-5,-4,-3,-2,-1,0,1,2,3,4,5;-16.0;Test.Set;63.18
MFC;-5,-4,-3,-2,-1,0,1,2,3,4,5;-8.0;Train.Subset;72.16
MFC;-5,-4,-3,-2,-1,0,1,2,3,4,5;-8.0;Test.Set;67.41
MFC;-5,-4,-3,-2,-1,0,1,2,3,4,5;-4.0;Train.Subset;73.71
MFC;-5,-4,-3,-2,-1,0,1,2,3,4,5;-4.0;Test.Set;68.46
MFC;-5,-4,-3,-2,-1,0,1,2,3,4,5;-2.0;Train.Subset;73.77
MFC;-5,-4,-3,-2,-1,0,1,2,3,4,5;-2.0;Test.Set;68.38
MFC;-5,-4,-3,-2,-1,0,1,2,3,4,5;0.0;Train.Subset;73.02
MFC;-5,-4,-3,-2,-1,0,1,2,3,4,5;0.0;Test.Set;67.39
MFC;-5,-4,-3,-2,-1,0,1,2,3,4,5;2.0;Train.Subset;71.28
MFC;-5,-4,-3,-2,-1,0,1,2,3,4,5;2.0;Test.Set;64.93
MFC;-5,-4,-3,-2,-1,0,1,2,3,4,5;4.0;Train.Subset;67.03
MFC;-5,-4,-3,-2,-1,0,1,2,3,4,5;4.0;Test.Set;60.43
MFC;-6,-5,-4,-3,-2,-1,0,1,2,3,4,5,6;-32.0;Train.Subset;59.06
MFC;-6,-5,-4,-3,-2,-1,0,1,2,3,4,5,6;-32.0;Test.Set;55.05
MFC;-6,-5,-4,-3,-2,-1,0,1,2,3,4,5,6;-16.0;Train.Subset;68.91
MFC;-6,-5,-4,-3,-2,-1,0,1,2,3,4,5,6;-16.0;Test.Set;63.93
MFC;-6,-5,-4,-3,-2,-1,0,1,2,3,4,5,6;-8.0;Train.Subset;73.71
MFC;-6,-5,-4,-3,-2,-1,0,1,2,3,4,5,6;-8.0;Test.Set;67.89
MFC;-6,-5,-4,-3,-2,-1,0,1,2,3,4,5,6;-4.0;Train.Subset;75.15
MFC;-6,-5,-4,-3,-2,-1,0,1,2,3,4,5,6;-4.0;Test.Set;68.92
MFC;-6,-5,-4,-3,-2,-1,0,1,2,3,4,5,6;-2.0;Train.Subset;75.36
MFC;-6,-5,-4,-3,-2,-1,0,1,2,3,4,5,6;-2.0;Test.Set;68.79
MFC;-6,-5,-4,-3,-2,-1,0,1,2,3,4,5,6;0.0;Train.Subset;74.75
MFC;-6,-5,-4,-3,-2,-1,0,1,2,3,4,5,6;0.0;Test.Set;67.86
MFC;-6,-5,-4,-3,-2,-1,0,1,2,3,4,5,6;2.0;Train.Subset;72.90
MFC;-6,-5,-4,-3,-2,-1,0,1,2,3,4,5,6;2.0;Test.Set;65.55
MFC;-6,-5,-4,-3,-2,-1,0,1,2,3,4,5,6;4.0;Train.Subset;69.29
MFC;-6,-5,-4,-3,-2,-1,0,1,2,3,4,5,6;4.0;Test.Set;60.96
MFC;-7,-6,-5,-4,-3,-2,-1,0,1,2,3,4,5,6,7;-32.0;Train.Subset;58.64
MFC;-7,-6,-5,-4,-3,-2,-1,0,1,2,3,4,5,6,7;-32.0;Test.Set;54.60
MFC;-7,-6,-5,-4,-3,-2,-1,0,1,2,3,4,5,6,7;-16.0;Train.Subset;68.48
MFC;-7,-6,-5,-4,-3,-2,-1,0,1,2,3,4,5,6,7;-16.0;Test.Set;63.43
MFC;-7,-6,-5,-4,-3,-2,-1,0,1,2,3,4,5,6,7;-8.0;Train.Subset;73.29
MFC;-7,-6,-5,-4,-3,-2,-1,0,1,2,3,4,5,6,7;-8.0;Test.Set;67.40
MFC;-7,-6,-5,-4,-3,-2,-1,0,1,2,3,4,5,6,7;-4.0;Train.Subset;74.82
MFC;-7,-6,-5,-4,-3,-2,-1,0,1,2,3,4,5,6,7;-4.0;Test.Set;68.39
MFC;-7,-6,-5,-4,-3,-2,-1,0,1,2,3,4,5,6,7;-2.0;Train.Subset;74.99
MFC;-7,-6,-5,-4,-3,-2,-1,0,1,2,3,4,5,6,7;-2.0;Test.Set;68.39
MFC;-7,-6,-5,-4,-3,-2,-1,0,1,2,3,4,5,6,7;0.0;Train.Subset;74.49
MFC;-7,-6,-5,-4,-3,-2,-1,0,1,2,3,4,5,6,7;0.0;Test.Set;67.21
MFC;-7,-6,-5,-4,-3,-2,-1,0,1,2,3,4,5,6,7;2.0;Train.Subset;72.65
MFC;-7,-6,-5,-4,-3,-2,-1,0,1,2,3,4,5,6,7;2.0;Test.Set;64.99
MFC;-7,-6,-5,-4,-3,-2,-1,0,1,2,3,4,5,6,7;4.0;Train.Subset;68.68
MFC;-7,-6,-5,-4,-3,-2,-1,0,1,2,3,4,5,6,7;4.0;Test.Set;60.32
MFC;-8,-7,-6,-5,-4,-3,-2,-1,0,1,2,3,4,5,6,7,8;-32.0;Train.Subset;57.99
MFC;-8,-7,-6,-5,-4,-3,-2,-1,0,1,2,3,4,5,6,7,8;-32.0;Test.Set;54.01
MFC;-8,-7,-6,-5,-4,-3,-2,-1,0,1,2,3,4,5,6,7,8;-16.0;Train.Subset;67.85
MFC;-8,-7,-6,-5,-4,-3,-2,-1,0,1,2,3,4,5,6,7,8;-16.0;Test.Set;62.85
MFC;-8,-7,-6,-5,-4,-3,-2,-1,0,1,2,3,4,5,6,7,8;-8.0;Train.Subset;72.75
MFC;-8,-7,-6,-5,-4,-3,-2,-1,0,1,2,3,4,5,6,7,8;-8.0;Test.Set;66.79
MFC;-8,-7,-6,-5,-4,-3,-2,-1,0,1,2,3,4,5,6,7,8;-4.0;Train.Subset;74.30
MFC;-8,-7,-6,-5,-4,-3,-2,-1,0,1,2,3,4,5,6,7,8;-4.0;Test.Set;67.97
MFC;-8,-7,-6,-5,-4,-3,-2,-1,0,1,2,3,4,5,6,7,8;-2.0;Train.Subset;74.64
MFC;-8,-7,-6,-5,-4,-3,-2,-1,0,1,2,3,4,5,6,7,8;-2.0;Test.Set;67.94
MFC;-8,-7,-6,-5,-4,-3,-2,-1,0,1,2,3,4,5,6,7,8;0.0;Train.Subset;74.08
MFC;-8,-7,-6,-5,-4,-3,-2,-1,0,1,2,3,4,5,6,7,8;0.0;Test.Set;67.02
MFC;-8,-7,-6,-5,-4,-3,-2,-1,0,1,2,3,4,5,6,7,8;2.0;Train.Subset;72.36
MFC;-8,-7,-6,-5,-4,-3,-2,-1,0,1,2,3,4,5,6,7,8;2.0;Test.Set;64.75
MFC;-8,-7,-6,-5,-4,-3,-2,-1,0,1,2,3,4,5,6,7,8;4.0;Train.Subset;68.58
MFC;-8,-7,-6,-5,-4,-3,-2,-1,0,1,2,3,4,5,6,7,8;4.0;Test.Set;60.51
MFC;-9,-8,-7,-6,-5,-4,-3,-2,-1,0,1,2,3,4,5,6,7,8,9;-32.0;Train.Subset;57.74
MFC;-9,-8,-7,-6,-5,-4,-3,-2,-1,0,1,2,3,4,5,6,7,8,9;-32.0;Test.Set;53.55
MFC;-9,-8,-7,-6,-5,-4,-3,-2,-1,0,1,2,3,4,5,6,7,8,9;-16.0;Train.Subset;67.85
MFC;-9,-8,-7,-6,-5,-4,-3,-2,-1,0,1,2,3,4,5,6,7,8,9;-16.0;Test.Set;62.46
MFC;-9,-8,-7,-6,-5,-4,-3,-2,-1,0,1,2,3,4,5,6,7,8,9;-8.0;Train.Subset;72.77
MFC;-9,-8,-7,-6,-5,-4,-3,-2,-1,0,1,2,3,4,5,6,7,8,9;-8.0;Test.Set;66.58
MFC;-9,-8,-7,-6,-5,-4,-3,-2,-1,0,1,2,3,4,5,6,7,8,9;-4.0;Train.Subset;74.31
MFC;-9,-8,-7,-6,-5,-4,-3,-2,-1,0,1,2,3,4,5,6,7,8,9;-4.0;Test.Set;67.78
MFC;-9,-8,-7,-6,-5,-4,-3,-2,-1,0,1,2,3,4,5,6,7,8,9;-2.0;Train.Subset;74.49
MFC;-9,-8,-7,-6,-5,-4,-3,-2,-1,0,1,2,3,4,5,6,7,8,9;-2.0;Test.Set;67.64
MFC;-9,-8,-7,-6,-5,-4,-3,-2,-1,0,1,2,3,4,5,6,7,8,9;0.0;Train.Subset;74.09
MFC;-9,-8,-7,-6,-5,-4,-3,-2,-1,0,1,2,3,4,5,6,7,8,9;0.0;Test.Set;66.71
MFC;-9,-8,-7,-6,-5,-4,-3,-2,-1,0,1,2,3,4,5,6,7,8,9;2.0;Train.Subset;72.38
MFC;-9,-8,-7,-6,-5,-4,-3,-2,-1,0,1,2,3,4,5,6,7,8,9;2.0;Test.Set;64.19
MFC;-9,-8,-7,-6,-5,-4,-3,-2,-1,0,1,2,3,4,5,6,7,8,9;4.0;Train.Subset;68.27
MFC;-9,-8,-7,-6,-5,-4,-3,-2,-1,0,1,2,3,4,5,6,7,8,9;4.0;Test.Set;59.60
MFC;-10,-9,-8,-7,-6,-5,-4,-3,-2,-1,0,1,2,3,4,5,6,7,8,9,10;-32.0;Train.Subset;58.11
MFC;-10,-9,-8,-7,-6,-5,-4,-3,-2,-1,0,1,2,3,4,5,6,7,8,9,10;-32.0;Test.Set;53.88
MFC;-10,-9,-8,-7,-6,-5,-4,-3,-2,-1,0,1,2,3,4,5,6,7,8,9,10;-16.0;Train.Subset;68.51
MFC;-10,-9,-8,-7,-6,-5,-4,-3,-2,-1,0,1,2,3,4,5,6,7,8,9,10;-16.0;Test.Set;62.56
MFC;-10,-9,-8,-7,-6,-5,-4,-3,-2,-1,0,1,2,3,4,5,6,7,8,9,10;-8.0;Train.Subset;73.40
MFC;-10,-9,-8,-7,-6,-5,-4,-3,-2,-1,0,1,2,3,4,5,6,7,8,9,10;-8.0;Test.Set;66.68
MFC;-10,-9,-8,-7,-6,-5,-4,-3,-2,-1,0,1,2,3,4,5,6,7,8,9,10;-4.0;Train.Subset;75.22
MFC;-10,-9,-8,-7,-6,-5,-4,-3,-2,-1,0,1,2,3,4,5,6,7,8,9,10;-4.0;Test.Set;67.65
MFC;-10,-9,-8,-7,-6,-5,-4,-3,-2,-1,0,1,2,3,4,5,6,7,8,9,10;-2.0;Train.Subset;75.38
MFC;-10,-9,-8,-7,-6,-5,-4,-3,-2,-1,0,1,2,3,4,5,6,7,8,9,10;-2.0;Test.Set;67.53
MFC;-10,-9,-8,-7,-6,-5,-4,-3,-2,-1,0,1,2,3,4,5,6,7,8,9,10;0.0;Train.Subset;74.93
MFC;-10,-9,-8,-7,-6,-5,-4,-3,-2,-1,0,1,2,3,4,5,6,7,8,9,10;0.0;Test.Set;66.65
MFC;-10,-9,-8,-7,-6,-5,-4,-3,-2,-1,0,1,2,3,4,5,6,7,8,9,10;2.0;Train.Subset;73.25
MFC;-10,-9,-8,-7,-6,-5,-4,-3,-2,-1,0,1,2,3,4,5,6,7,8,9,10;2.0;Test.Set;64.47
MFC;-10,-9,-8,-7,-6,-5,-4,-3,-2,-1,0,1,2,3,4,5,6,7,8,9,10;4.0;Train.Subset;69.44
MFC;-10,-9,-8,-7,-6,-5,-4,-3,-2,-1,0,1,2,3,4,5,6,7,8,9,10;4.0;Test.Set;60.03
FBK;0;-32.0;Train.Subset;50.64
FBK;0;-32.0;Test.Set;49.07
FBK;0;-16.0;Train.Subset;60.54
FBK;0;-16.0;Test.Set;58.75
FBK;0;-8.0;Train.Subset;65.16
FBK;0;-8.0;Test.Set;62.98
FBK;0;-4.0;Train.Subset;65.69
FBK;0;-4.0;Test.Set;63.44
FBK;0;-2.0;Train.Subset;64.74
FBK;0;-2.0;Test.Set;62.35
FBK;0;0.0;Train.Subset;62.60
FBK;0;0.0;Test.Set;59.88
FBK;0;2.0;Train.Subset;58.32
FBK;0;2.0;Test.Set;55.10
FBK;0;4.0;Train.Subset;50.35
FBK;0;4.0;Test.Set;46.98
FBK;-1,0,1;-32.0;Train.Subset;55.64
FBK;-1,0,1;-32.0;Test.Set;53.09
FBK;-1,0,1;-16.0;Train.Subset;65.88
FBK;-1,0,1;-16.0;Test.Set;62.54
FBK;-1,0,1;-8.0;Train.Subset;70.12
FBK;-1,0,1;-8.0;Test.Set;66.59
FBK;-1,0,1;-4.0;Train.Subset;71.14
FBK;-1,0,1;-4.0;Test.Set;67.22
FBK;-1,0,1;-2.0;Train.Subset;70.73
FBK;-1,0,1;-2.0;Test.Set;66.68
FBK;-1,0,1;0.0;Train.Subset;69.30
FBK;-1,0,1;0.0;Test.Set;65.15
FBK;-1,0,1;2.0;Train.Subset;66.75
FBK;-1,0,1;2.0;Test.Set;62.09
FBK;-1,0,1;4.0;Train.Subset;61.41
FBK;-1,0,1;4.0;Test.Set;56.74
FBK;-2,-1,0,1,2;-32.0;Train.Subset;56.45
FBK;-2,-1,0,1,2;-32.0;Test.Set;53.43
FBK;-2,-1,0,1,2;-16.0;Train.Subset;66.79
FBK;-2,-1,0,1,2;-16.0;Test.Set;62.96
FBK;-2,-1,0,1,2;-8.0;Train.Subset;70.88
FBK;-2,-1,0,1,2;-8.0;Test.Set;67.06
FBK;-2,-1,0,1,2;-4.0;Train.Subset;72.00
FBK;-2,-1,0,1,2;-4.0;Test.Set;67.79
FBK;-2,-1,0,1,2;-2.0;Train.Subset;71.95
FBK;-2,-1,0,1,2;-2.0;Test.Set;67.45
FBK;-2,-1,0,1,2;0.0;Train.Subset;70.96
FBK;-2,-1,0,1,2;0.0;Test.Set;66.15
FBK;-2,-1,0,1,2;2.0;Train.Subset;68.71
FBK;-2,-1,0,1,2;2.0;Test.Set;63.60
FBK;-2,-1,0,1,2;4.0;Train.Subset;64.48
FBK;-2,-1,0,1,2;4.0;Test.Set;59.08
FBK;-3,-2,-1,0,1,2,3;-32.0;Train.Subset;56.53
FBK;-3,-2,-1,0,1,2,3;-32.0;Test.Set;53.42
FBK;-3,-2,-1,0,1,2,3;-16.0;Train.Subset;66.62
FBK;-3,-2,-1,0,1,2,3;-16.0;Test.Set;62.82
FBK;-3,-2,-1,0,1,2,3;-8.0;Train.Subset;70.98
FBK;-3,-2,-1,0,1,2,3;-8.0;Test.Set;66.65
FBK;-3,-2,-1,0,1,2,3;-4.0;Train.Subset;72.19
FBK;-3,-2,-1,0,1,2,3;-4.0;Test.Set;67.61
FBK;-3,-2,-1,0,1,2,3;-2.0;Train.Subset;72.17
FBK;-3,-2,-1,0,1,2,3;-2.0;Test.Set;67.38
FBK;-3,-2,-1,0,1,2,3;0.0;Train.Subset;71.46
FBK;-3,-2,-1,0,1,2,3;0.0;Test.Set;66.43
FBK;-3,-2,-1,0,1,2,3;2.0;Train.Subset;69.64
FBK;-3,-2,-1,0,1,2,3;2.0;Test.Set;64.34
FBK;-3,-2,-1,0,1,2,3;4.0;Train.Subset;65.95
FBK;-3,-2,-1,0,1,2,3;4.0;Test.Set;60.06
FBK;-4,-3,-2,-1,0,1,2,3,4;-32.0;Train.Subset;55.16
FBK;-4,-3,-2,-1,0,1,2,3,4;-32.0;Test.Set;52.48
FBK;-4,-3,-2,-1,0,1,2,3,4;-16.0;Train.Subset;65.59
FBK;-4,-3,-2,-1,0,1,2,3,4;-16.0;Test.Set;62.03
FBK;-4,-3,-2,-1,0,1,2,3,4;-8.0;Train.Subset;70.08
FBK;-4,-3,-2,-1,0,1,2,3,4;-8.0;Test.Set;66.12
FBK;-4,-3,-2,-1,0,1,2,3,4;-4.0;Train.Subset;71.24
FBK;-4,-3,-2,-1,0,1,2,3,4;-4.0;Test.Set;67.09
FBK;-4,-3,-2,-1,0,1,2,3,4;-2.0;Train.Subset;71.14
FBK;-4,-3,-2,-1,0,1,2,3,4;-2.0;Test.Set;66.74
FBK;-4,-3,-2,-1,0,1,2,3,4;0.0;Train.Subset;70.53
FBK;-4,-3,-2,-1,0,1,2,3,4;0.0;Test.Set;65.67
FBK;-4,-3,-2,-1,0,1,2,3,4;2.0;Train.Subset;68.54
FBK;-4,-3,-2,-1,0,1,2,3,4;2.0;Test.Set;63.30
FBK;-4,-3,-2,-1,0,1,2,3,4;4.0;Train.Subset;64.25
FBK;-4,-3,-2,-1,0,1,2,3,4;4.0;Test.Set;58.59
FBK;-5,-4,-3,-2,-1,0,1,2,3,4,5;-32.0;Train.Subset;55.76
FBK;-5,-4,-3,-2,-1,0,1,2,3,4,5;-32.0;Test.Set;52.75
FBK;-5,-4,-3,-2,-1,0,1,2,3,4,5;-16.0;Train.Subset;65.96
FBK;-5,-4,-3,-2,-1,0,1,2,3,4,5;-16.0;Test.Set;62.24
FBK;-5,-4,-3,-2,-1,0,1,2,3,4,5;-8.0;Train.Subset;70.51
FBK;-5,-4,-3,-2,-1,0,1,2,3,4,5;-8.0;Test.Set;66.26
FBK;-5,-4,-3,-2,-1,0,1,2,3,4,5;-4.0;Train.Subset;71.88
FBK;-5,-4,-3,-2,-1,0,1,2,3,4,5;-4.0;Test.Set;67.37
FBK;-5,-4,-3,-2,-1,0,1,2,3,4,5;-2.0;Train.Subset;72.06
FBK;-5,-4,-3,-2,-1,0,1,2,3,4,5;-2.0;Test.Set;67.27
FBK;-5,-4,-3,-2,-1,0,1,2,3,4,5;0.0;Train.Subset;71.26
FBK;-5,-4,-3,-2,-1,0,1,2,3,4,5;0.0;Test.Set;66.33
FBK;-5,-4,-3,-2,-1,0,1,2,3,4,5;2.0;Train.Subset;69.47
FBK;-5,-4,-3,-2,-1,0,1,2,3,4,5;2.0;Test.Set;64.17
FBK;-5,-4,-3,-2,-1,0,1,2,3,4,5;4.0;Train.Subset;65.65
FBK;-5,-4,-3,-2,-1,0,1,2,3,4,5;4.0;Test.Set;59.76
FBK;-6,-5,-4,-3,-2,-1,0,1,2,3,4,5,6;-32.0;Train.Subset;55.98
FBK;-6,-5,-4,-3,-2,-1,0,1,2,3,4,5,6;-32.0;Test.Set;52.81
FBK;-6,-5,-4,-3,-2,-1,0,1,2,3,4,5,6;-16.0;Train.Subset;66.39
FBK;-6,-5,-4,-3,-2,-1,0,1,2,3,4,5,6;-16.0;Test.Set;62.30
FBK;-6,-5,-4,-3,-2,-1,0,1,2,3,4,5,6;-8.0;Train.Subset;70.94
FBK;-6,-5,-4,-3,-2,-1,0,1,2,3,4,5,6;-8.0;Test.Set;66.46
FBK;-6,-5,-4,-3,-2,-1,0,1,2,3,4,5,6;-4.0;Train.Subset;72.18
FBK;-6,-5,-4,-3,-2,-1,0,1,2,3,4,5,6;-4.0;Test.Set;67.51
FBK;-6,-5,-4,-3,-2,-1,0,1,2,3,4,5,6;-2.0;Train.Subset;72.19
FBK;-6,-5,-4,-3,-2,-1,0,1,2,3,4,5,6;-2.0;Test.Set;67.37
FBK;-6,-5,-4,-3,-2,-1,0,1,2,3,4,5,6;0.0;Train.Subset;71.64
FBK;-6,-5,-4,-3,-2,-1,0,1,2,3,4,5,6;0.0;Test.Set;66.36
FBK;-6,-5,-4,-3,-2,-1,0,1,2,3,4,5,6;2.0;Train.Subset;69.96
FBK;-6,-5,-4,-3,-2,-1,0,1,2,3,4,5,6;2.0;Test.Set;64.05
FBK;-6,-5,-4,-3,-2,-1,0,1,2,3,4,5,6;4.0;Train.Subset;65.91
FBK;-6,-5,-4,-3,-2,-1,0,1,2,3,4,5,6;4.0;Test.Set;59.52
FBK;-7,-6,-5,-4,-3,-2,-1,0,1,2,3,4,5,6,7;-32.0;Train.Subset;57.44
FBK;-7,-6,-5,-4,-3,-2,-1,0,1,2,3,4,5,6,7;-32.0;Test.Set;53.72
FBK;-7,-6,-5,-4,-3,-2,-1,0,1,2,3,4,5,6,7;-16.0;Train.Subset;68.01
FBK;-7,-6,-5,-4,-3,-2,-1,0,1,2,3,4,5,6,7;-16.0;Test.Set;62.85
FBK;-7,-6,-5,-4,-3,-2,-1,0,1,2,3,4,5,6,7;-8.0;Train.Subset;72.46
FBK;-7,-6,-5,-4,-3,-2,-1,0,1,2,3,4,5,6,7;-8.0;Test.Set;66.88
FBK;-7,-6,-5,-4,-3,-2,-1,0,1,2,3,4,5,6,7;-4.0;Train.Subset;73.71
FBK;-7,-6,-5,-4,-3,-2,-1,0,1,2,3,4,5,6,7;-4.0;Test.Set;67.96
FBK;-7,-6,-5,-4,-3,-2,-1,0,1,2,3,4,5,6,7;-2.0;Train.Subset;73.91
FBK;-7,-6,-5,-4,-3,-2,-1,0,1,2,3,4,5,6,7;-2.0;Test.Set;67.88
FBK;-7,-6,-5,-4,-3,-2,-1,0,1,2,3,4,5,6,7;0.0;Train.Subset;73.41
FBK;-7,-6,-5,-4,-3,-2,-1,0,1,2,3,4,5,6,7;0.0;Test.Set;66.96
FBK;-7,-6,-5,-4,-3,-2,-1,0,1,2,3,4,5,6,7;2.0;Train.Subset;71.74
FBK;-7,-6,-5,-4,-3,-2,-1,0,1,2,3,4,5,6,7;2.0;Test.Set;64.72
FBK;-7,-6,-5,-4,-3,-2,-1,0,1,2,3,4,5,6,7;4.0;Train.Subset;68.14
FBK;-7,-6,-5,-4,-3,-2,-1,0,1,2,3,4,5,6,7;4.0;Test.Set;60.71
FBK;-8,-7,-6,-5,-4,-3,-2,-1,0,1,2,3,4,5,6,7,8;-32.0;Train.Subset;55.71
FBK;-8,-7,-6,-5,-4,-3,-2,-1,0,1,2,3,4,5,6,7,8;-32.0;Test.Set;52.23
FBK;-8,-7,-6,-5,-4,-3,-2,-1,0,1,2,3,4,5,6,7,8;-16.0;Train.Subset;66.19
FBK;-8,-7,-6,-5,-4,-3,-2,-1,0,1,2,3,4,5,6,7,8;-16.0;Test.Set;61.71
FBK;-8,-7,-6,-5,-4,-3,-2,-1,0,1,2,3,4,5,6,7,8;-8.0;Train.Subset;70.72
FBK;-8,-7,-6,-5,-4,-3,-2,-1,0,1,2,3,4,5,6,7,8;-8.0;Test.Set;65.90
FBK;-8,-7,-6,-5,-4,-3,-2,-1,0,1,2,3,4,5,6,7,8;-4.0;Train.Subset;72.21
FBK;-8,-7,-6,-5,-4,-3,-2,-1,0,1,2,3,4,5,6,7,8;-4.0;Test.Set;66.94
FBK;-8,-7,-6,-5,-4,-3,-2,-1,0,1,2,3,4,5,6,7,8;-2.0;Train.Subset;72.20
FBK;-8,-7,-6,-5,-4,-3,-2,-1,0,1,2,3,4,5,6,7,8;-2.0;Test.Set;66.79
FBK;-8,-7,-6,-5,-4,-3,-2,-1,0,1,2,3,4,5,6,7,8;0.0;Train.Subset;71.54
FBK;-8,-7,-6,-5,-4,-3,-2,-1,0,1,2,3,4,5,6,7,8;0.0;Test.Set;65.83
FBK;-8,-7,-6,-5,-4,-3,-2,-1,0,1,2,3,4,5,6,7,8;2.0;Train.Subset;69.81
FBK;-8,-7,-6,-5,-4,-3,-2,-1,0,1,2,3,4,5,6,7,8;2.0;Test.Set;63.67
FBK;-8,-7,-6,-5,-4,-3,-2,-1,0,1,2,3,4,5,6,7,8;4.0;Train.Subset;65.95
FBK;-8,-7,-6,-5,-4,-3,-2,-1,0,1,2,3,4,5,6,7,8;4.0;Test.Set;59.28
FBK;-9,-8,-7,-6,-5,-4,-3,-2,-1,0,1,2,3,4,5,6,7,8,9;-32.0;Train.Subset;56.79
FBK;-9,-8,-7,-6,-5,-4,-3,-2,-1,0,1,2,3,4,5,6,7,8,9;-32.0;Test.Set;52.93
FBK;-9,-8,-7,-6,-5,-4,-3,-2,-1,0,1,2,3,4,5,6,7,8,9;-16.0;Train.Subset;67.22
FBK;-9,-8,-7,-6,-5,-4,-3,-2,-1,0,1,2,3,4,5,6,7,8,9;-16.0;Test.Set;62.36
FBK;-9,-8,-7,-6,-5,-4,-3,-2,-1,0,1,2,3,4,5,6,7,8,9;-8.0;Train.Subset;71.80
FBK;-9,-8,-7,-6,-5,-4,-3,-2,-1,0,1,2,3,4,5,6,7,8,9;-8.0;Test.Set;66.27
FBK;-9,-8,-7,-6,-5,-4,-3,-2,-1,0,1,2,3,4,5,6,7,8,9;-4.0;Train.Subset;73.16
FBK;-9,-8,-7,-6,-5,-4,-3,-2,-1,0,1,2,3,4,5,6,7,8,9;-4.0;Test.Set;67.26
FBK;-9,-8,-7,-6,-5,-4,-3,-2,-1,0,1,2,3,4,5,6,7,8,9;-2.0;Train.Subset;73.30
FBK;-9,-8,-7,-6,-5,-4,-3,-2,-1,0,1,2,3,4,5,6,7,8,9;-2.0;Test.Set;67.07
FBK;-9,-8,-7,-6,-5,-4,-3,-2,-1,0,1,2,3,4,5,6,7,8,9;0.0;Train.Subset;72.78
FBK;-9,-8,-7,-6,-5,-4,-3,-2,-1,0,1,2,3,4,5,6,7,8,9;0.0;Test.Set;66.17
FBK;-9,-8,-7,-6,-5,-4,-3,-2,-1,0,1,2,3,4,5,6,7,8,9;2.0;Train.Subset;70.99
FBK;-9,-8,-7,-6,-5,-4,-3,-2,-1,0,1,2,3,4,5,6,7,8,9;2.0;Test.Set;64.02
FBK;-9,-8,-7,-6,-5,-4,-3,-2,-1,0,1,2,3,4,5,6,7,8,9;4.0;Train.Subset;67.30
FBK;-9,-8,-7,-6,-5,-4,-3,-2,-1,0,1,2,3,4,5,6,7,8,9;4.0;Test.Set;59.80
FBK;-10,-9,-8,-7,-6,-5,-4,-3,-2,-1,0,1,2,3,4,5,6,7,8,9,10;-32.0;Train.Subset;56.09
FBK;-10,-9,-8,-7,-6,-5,-4,-3,-2,-1,0,1,2,3,4,5,6,7,8,9,10;-32.0;Test.Set;52.60
FBK;-10,-9,-8,-7,-6,-5,-4,-3,-2,-1,0,1,2,3,4,5,6,7,8,9,10;-16.0;Train.Subset;66.54
FBK;-10,-9,-8,-7,-6,-5,-4,-3,-2,-1,0,1,2,3,4,5,6,7,8,9,10;-16.0;Test.Set;61.84
FBK;-10,-9,-8,-7,-6,-5,-4,-3,-2,-1,0,1,2,3,4,5,6,7,8,9,10;-8.0;Train.Subset;71.17
FBK;-10,-9,-8,-7,-6,-5,-4,-3,-2,-1,0,1,2,3,4,5,6,7,8,9,10;-8.0;Test.Set;66.12
FBK;-10,-9,-8,-7,-6,-5,-4,-3,-2,-1,0,1,2,3,4,5,6,7,8,9,10;-4.0;Train.Subset;72.63
FBK;-10,-9,-8,-7,-6,-5,-4,-3,-2,-1,0,1,2,3,4,5,6,7,8,9,10;-4.0;Test.Set;67.18
FBK;-10,-9,-8,-7,-6,-5,-4,-3,-2,-1,0,1,2,3,4,5,6,7,8,9,10;-2.0;Train.Subset;72.68
FBK;-10,-9,-8,-7,-6,-5,-4,-3,-2,-1,0,1,2,3,4,5,6,7,8,9,10;-2.0;Test.Set;67.14
FBK;-10,-9,-8,-7,-6,-5,-4,-3,-2,-1,0,1,2,3,4,5,6,7,8,9,10;0.0;Train.Subset;72.11
FBK;-10,-9,-8,-7,-6,-5,-4,-3,-2,-1,0,1,2,3,4,5,6,7,8,9,10;0.0;Test.Set;66.17
FBK;-10,-9,-8,-7,-6,-5,-4,-3,-2,-1,0,1,2,3,4,5,6,7,8,9,10;2.0;Train.Subset;70.47
FBK;-10,-9,-8,-7,-6,-5,-4,-3,-2,-1,0,1,2,3,4,5,6,7,8,9,10;2.0;Test.Set;63.99
FBK;-10,-9,-8,-7,-6,-5,-4,-3,-2,-1,0,1,2,3,4,5,6,7,8,9,10;4.0;Train.Subset;66.59
FBK;-10,-9,-8,-7,-6,-5,-4,-3,-2,-1,0,1,2,3,4,5,6,7,8,9,10;4.0;Test.Set;59.52
